Experiment,Test_Accuracy,Test_Loss,Optimizer,Dropout,Learning_Rate
Baseline_Adam,0.892581582069397,0.2509445250034332,adam,0.0,0.001
Baseline_SGD,0.5353115797042847,0.6906516551971436,sgd,0.0,0.01
Dropout_0.2,0.9572700262069702,0.1169954240322113,adam,0.2,0.001
Low_LR_Adam,0.9275964498519897,0.17664003372192383,adam,0.0,0.0001
