epoch,accuracy,loss,val_accuracy,val_loss
0,0.5876065492630005,0.6841455101966858,0.6847114562988281,0.5973023176193237
1,0.7283369302749634,0.5372331738471985,0.7989292144775391,0.45064112544059753
2,0.8174067735671997,0.40071702003479004,0.8720999360084534,0.31938454508781433
3,0.8587606549263,0.32575368881225586,0.8893515467643738,0.2761322259902954
4,0.8714849352836609,0.2942711412906647,0.8953003883361816,0.269767701625824
