epoch,accuracy,loss,val_accuracy,val_loss
0,0.6083471179008484,0.6624994277954102,0.6977989077568054,0.5712994933128357
1,0.7605293393135071,0.496102511882782,0.8328375816345215,0.37175285816192627
2,0.8438732624053955,0.3446774184703827,0.9012492299079895,0.26262402534484863
3,0.8834457397460938,0.2763802707195282,0.9077929854393005,0.24303261935710907
4,0.9105483889579773,0.22713853418827057,0.9274241328239441,0.2035960853099823
