epoch,accuracy,loss,val_accuracy,val_loss
0,0.6446112990379333,0.6112366914749146,0.6650803089141846,0.6039597392082214
1,0.864995539188385,0.3131808638572693,0.8429506421089172,0.33715683221817017
2,0.9125843048095703,0.21473956108093262,0.8988696932792664,0.24620717763900757
3,0.9362514019012451,0.16168594360351562,0.9309934377670288,0.1917061060667038
4,0.9533019661903381,0.12227454781532288,0.925044596195221,0.19950199127197266
