epoch,accuracy,loss,val_accuracy,val_loss
0,0.5719557404518127,0.7164354920387268,0.682331919670105,0.639745831489563
1,0.6988166570663452,0.5801864862442017,0.773944079875946,0.4812113642692566
2,0.7981931567192078,0.43314287066459656,0.8524687886238098,0.34520840644836426
3,0.845272958278656,0.3501603603363037,0.8810232281684875,0.29939600825309753
4,0.8641048669815063,0.31709355115890503,0.8869720697402954,0.2920979857444763
