epoch,accuracy,loss,val_accuracy,val_loss
0,0.5328922271728516,nan,0.5348007082939148,0.6908162832260132
1,0.5349280834197998,0.6908829808235168,0.5348007082939148,0.6907232999801636
2,0.5349280834197998,0.691019594669342,0.5348007082939148,0.6909908652305603
3,0.5349280834197998,0.6909710168838501,0.5348007082939148,0.6907493472099304
4,0.5349280834197998,0.6908575296401978,0.5348007082939148,0.6908526420593262
5,0.5349280834197998,0.691041111946106,0.5348007082939148,0.6907339692115784
6,0.5349280834197998,0.6908406019210815,0.5348007082939148,0.6908481121063232
