epoch,accuracy,loss,val_accuracy,val_loss
0,0.5633032321929932,0.6891862154006958,0.6912552118301392,0.587752640247345
1,0.7523857951164246,0.5094879865646362,0.8215348124504089,0.4148751199245453
2,0.8261865377426147,0.3910917043685913,0.8762641549110413,0.3116348683834076
3,0.8665224313735962,0.3111379146575928,0.8994646072387695,0.24741670489311218
4,0.8948975801467896,0.261562705039978,0.9274241328239441,0.20731836557388306
