epoch,accuracy,loss,val_accuracy,val_loss
0,0.6150909662246704,0.6544889211654663,0.7007733583450317,0.5658152103424072
1,0.8189337253570557,0.39640575647354126,0.8691255450248718,0.2967986464500427
2,0.8843364119529724,0.27049365639686584,0.8471148014068604,0.324022501707077
3,0.9207278490066528,0.19936105608940125,0.9024389982223511,0.23865142464637756
4,0.941468358039856,0.1502963900566101,0.9179059863090515,0.2051878124475479
